{"cameraMode":{"drawMode":0,"name":"Shaded","section":"Shading Mode"},"sceneLighting":false,"audioPlay":false,"sceneViewState":{"showFog":true,"showMaterialUpdate":true,"showSkybox":false,"showFlares":true,"showImageEffects":true,"showParticleSystems":true},"in2DMode":false,"pivot":{"x":-0.0008620023727416992,"y":0.0,"z":0.00031375885009765625},"rotation":{"x":0.2254938930273056,"y":0.3740416467189789,"z":-0.09427808970212937,"w":0.8946267366409302},"size":3.55591082572937,"orthographic":true}